nl:
  be: "België"
  de: "Duitsland"
  es: "Spanje"
  fr: "Frankrijk"
  nl: "Nederland"
  nl2012: "Nederland 2012"
  pl: "Polen"
  ro: "Roemeni&euml"
  tr: "Turkije"
  uk: "Verenigd Koninkrijk"
  za: "Zuid Afrika"
  nl-drenthe: "Drenthe"
  nl-flevoland: "Flevoland"
  nl-friesland: "Friesland"
  nl-gelderland: "Gelderland"
  nl-groningen: "Groningen"
  nl-limburg: "Limburg"
  nl-noord-brabant: "Noord-Brabant"
  nl-noord-holland: "Noord-Holland"
  nl-overijssel: "Overijssel"
  nl-utrecht: "Utrecht"
  nl-zeeland: "Zeeland"
  nl-zuid-holland: "Zuid-Holland"
  nl-noord: "Noord Nederland"
  gemeente_groningen: "Groningen (gemeente)"
  groningen: "Groningen (provincie)"
  om_aalten: "Aalten"
  om_achterhoek: "Achterhoek"
  om_apeldoorn: "Apeldoorn"
  om_arnhem: "Arnhem"
  om_barneveld: "Barneveld"
  om_berg-en-dal: "Berg en Dal"
  om_berkelland: "Berkelland"
  om_beuningen: "Beuningen"
  om_bronckhorst: "Bronckhorst"
  om_brummen: "Brummen"
  om_buren: "Buren"
  om_cleantech-regio: "Cleantech Regio"
  om_culemborg: "Culemborg"
  om_deventer: "Deventer"
  om_doesburg: "Doesburg"
  om_doetinchem: "Doetinchem"
  om_druten: "Druten"
  om_duiven: "Duiven"
  om_ede: "Ede"
  om_elburg: "Elburg"
  om_epe: "Epe"
  om_ermelo: "Ermelo"
  om_foodvalley: "Foodvalley"
  om_gelderland: "Gelderland"
  om_geldermalsen: "Geldermalsen"
  om_harderwijk: "Harderwijk"
  om_hattem: "Hattem"
  om_heerde: "Heerde"
  om_heumen: "Heumen"
  om_lingewaal: "Lingewaal"
  om_lingewaard: "Lingewaard"
  om_lochem: "Lochem"
  om_maasdriel: "Maasdriel"
  om_marn: "MARN"
  om_montferland: "Montferland"
  om_mook-en-middelaar: "Mook en Middelaar"
  om_neder-betuwe: "Neder-Betuwe"
  om_neerijnen: "Neerijnen"
  om_nijkerk: "Nijkerk"
  om_nijmegen: "Nijmegen"
  om_noord-veluwe: "Noord-Veluwe"
  om_nunspeet: "Nunspeet"
  om_oldebroek: "Oldebroek"
  om_oost-gelre: "Oost-Gelre"
  om_oude-ijsselstreek: "Oude-IJsselstreek"
  om_overbetuwe: "Overbetuwe"
  om_putten: "Putten"
  om_renkum: "Renkum"
  om_renswoude: "Renswoude"
  om_rheden: "Rheden"
  om_rhenen: "Rhenen"
  om_rijnwaarden: "Rijnwaarden"
  om_rivierenland: "Rivierenland"
  om_rozendaal: "Rozendaal"
  om_scherpenzeel: "Scherpenzeel"
  om_tiel: "Tiel"
  om_veenendaal: "Veenendaal"
  om_voorst: "Voorst"
  om_wageningen: "Wageningen"
  om_west-maas-en-waal: "West Maas en Waal"
  om_westervoort: "Westervoort"
  om_wijchen: "Wijchen"
  om_winterswijk: "Winterswijk"
  om_zaltbommel: "Zaltbommel"
  om_zevenaar: "Zevenaar"
  om_zutphen: "Zutphen"
  paddepoel_noord: "Paddepoel Noord"
  grs: "Groningen (stad)"
  ame: "Ameland"
  ams: "Amsterdam"
  municipalities: "gemeenten"
  provinces: "provincies"
  be-vlg: "Vlaanderen"
  br: "Brazilië"
  eu: "EU-27"
  new: "Nieuw"
  country_select:
    areas:
      uk: "Verenigd Koninkrijk"
      pl: "Polen"
      es: "Spanje"
      fr: "Frankrijk"
      de_biezen: 'De Biezen'
      s_heer_hendrikskinderen: "'s Heer Hendrikskinderen"
      gemeente_groningen: "Groningen (gemeente)"
      groningen: "Groningen (provincie)"
      om_aalten: "Aalten"
      om_achterhoek: "Achterhoek"
      om_apeldoorn: "Apeldoorn"
      om_arnhem: "Arnhem"
      om_barneveld: "Barneveld"
      om_berg-en-dal: "Berg en Dal"
      om_berkelland: "Berkelland"
      om_beuningen: "Beuningen"
      om_bronckhorst: "Bronckhorst"
      om_brummen: "Brummen"
      om_buren: "Buren"
      om_cleantech-regio: "Cleantech Regio"
      om_culemborg: "Culemborg"
      om_deventer: "Deventer"
      om_doesburg: "Doesburg"
      om_doetinchem: "Doetinchem"
      om_druten: "Druten"
      om_duiven: "Duiven"
      om_ede: "Ede"
      om_elburg: "Elburg"
      om_epe: "Epe"
      om_ermelo: "Ermelo"
      om_foodvalley: "Foodvalley"
      om_gelderland: "Gelderland"
      om_geldermalsen: "Geldermalsen"
      om_harderwijk: "Harderwijk"
      om_hattem: "Hattem"
      om_heerde: "Heerde"
      om_heumen: "Heumen"
      om_lingewaal: "Lingewaal"
      om_lingewaard: "Lingewaard"
      om_lochem: "Lochem"
      om_maasdriel: "Maasdriel"
      om_marn: "MARN (regio rondom Nijmegen)"
      om_montferland: "Montferland"
      om_mook-en-middelaar: "Mook en Middelaar"
      om_neder-betuwe: "Neder-Betuwe"
      om_neerijnen: "Neerijnen"
      om_nijkerk: "Nijkerk"
      om_nijmegen: "Nijmegen"
      om_noord-veluwe: "Noord-Veluwe"
      om_nunspeet: "Nunspeet"
      om_oldebroek: "Oldebroek"
      om_oost-gelre: "Oost-Gelre"
      om_oude-ijsselstreek: "Oude-IJsselstreek"
      om_overbetuwe: "Overbetuwe"
      om_putten: "Putten"
      om_renkum: "Renkum"
      om_renswoude: "Renswoude"
      om_rheden: "Rheden"
      om_rhenen: "Rhenen"
      om_rijnwaarden: "Rijnwaarden"
      om_rivierenland: "Rivierenland"
      om_rozendaal: "Rozendaal"
      om_scherpenzeel: "Scherpenzeel"
      om_tiel: "Tiel"
      om_veenendaal: "Veenendaal"
      om_voorst: "Voorst"
      om_wageningen: "Wageningen"
      om_west-maas-en-waal: "West Maas en Waal"
      om_westervoort: "Westervoort"
      om_wijchen: "Wijchen"
      om_winterswijk: "Winterswijk"
      om_zaltbommel: "Zaltbommel"
      om_zevenaar: "Zevenaar"
      om_zutphen: "Zutphen"
      paddepoel_noord: "Paddepoel Noord"
    groups:
      countries: Landen
      regions_nl: "Regio's binnen Nederland"
      third_party: "Regio's van derden en overig"
